{
  "controller/CustomExpandedHeader.controller.js.map": 1760610379481,
  "controller/service.js": 1760601988210,
  "ext/fragment/FileDownload.js": 1760601988210,
  "ext/fragment/Delete.js": 1760601988210,
  "lib/util.js": 1760601988222,
  "ext/fragment/Metadata.js": 1760601988210,
  "controller/CustomExpandedHeader.controller.js": 1760601988210,
  "manifest.json": 1760601988222,
  "Component.js": 1760601988210,
  "ext/fragment/Delete-dbg.js": 1760601988210,
  "ext/fragment/Delete.js.map": 1760610379444,
  "ext/fragment/FileDownload-dbg.js": 1760601988210,
  "ext/fragment/FileDownload.js.map": 1760610379444,
  "controller/service-dbg.js": 1760601988210,
  "controller/service.js.map": 1760610379449,
  "lib/util-dbg.js": 1760601988222,
  "lib/util.js.map": 1760610379462,
  "ext/fragment/Metadata-dbg.js": 1760601988210,
  "ext/fragment/Metadata.js.map": 1760610379452,
  "controller/CustomExpandedHeader-dbg.controller.js": 1760601988210,
  "i18n/i18n.properties": 1760601988222,
  "Component-dbg.js": 1760601988210,
  "Component.js.map": 1760610379452,
  "Component-preload.js": 1760610379631,
  "Component-preload.js.map": 1760610379631,
  "ext/fragment/Metadata.fragment.xml": 1760601988210,
  "ext/fragment/FileDownload.fragment.xml": 1760601988210,
  "ext/fragment/Delete.fragment.xml": 1760601988210,
  "fragment/SummaryFiles.fragment.xml": 1760601988218,
  "fragment/MyDialog.fragment.xml": 1760601988218,
  "fragment/CustomExpandedHeader.fragment.xml": 1760601988218,
  "fonts/SCProsperSans-Regular.woff2": 1760601988218,
  "fonts/SCProsperSans-Regular.woff": 1760601988218,
  "fonts/SCProsperSans-Regular.ttf": 1760601988218,
  "fonts/SCProsperSans-Regular.svg": 1760601988218,
  "fonts/SCProsperSans-Regular.eot": 1760601988218,
  "fonts/SCProsperSans-Medium.woff2": 1760601988218,
  "fonts/SCProsperSans-Medium.woff": 1760601988218,
  "fonts/SCProsperSans-Medium.ttf": 1760601988218,
  "fonts/SCProsperSans-Medium.svg": 1760601988218,
  "fonts/SCProsperSans-Medium.eot": 1760601988218,
  "fonts/SCProsperSans-Light.woff2": 1760601988214,
  "fonts/SCProsperSans-Light.woff": 1760601988214,
  "fonts/SCProsperSans-Light.ttf": 1760601988214,
  "fonts/SCProsperSans-Light.svg": 1760601988214,
  "fonts/SCProsperSans-Light.eot": 1760601988214,
  "fonts/SCProsperSans-Bold.woff2": 1760601988214,
  "fonts/SCProsperSans-Bold.woff": 1760601988214,
  "fonts/SCProsperSans-Bold.ttf": 1760601988214,
  "fonts/SCProsperSans-Bold.svg": 1760601988214,
  "fonts/SCProsperSans-Bold.eot": 1760601988210,
  "css/style.css": 1760601988210,
  "index.html": 1760601988222
}