{
  "fonts/SCProsperSans-Bold.woff": 1760599449371,
  "controller/CustomExpandedHeader.controller.js": 1760599449367,
  "ext/fragment/FileDownload.js": 1760599449367,
  "ext/fragment/Delete.js": 1760599449367,
  "lib/util.js": 1760599449375,
  "controller/service.js": 1760599449367,
  "ext/fragment/Metadata.js": 1760599449367,
  "manifest.json": 1760599449375,
  "Component.js": 1760599449367,
  "ext/fragment/Metadata-dbg.js": 1760599449367,
  "ext/fragment/Metadata.js.map": 1760599545149,
  "ext/fragment/FileDownload-dbg.js": 1760599449367,
  "ext/fragment/FileDownload.js.map": 1760599545144,
  "ext/fragment/Delete-dbg.js": 1760599449367,
  "ext/fragment/Delete.js.map": 1760599545206,
  "lib/util-dbg.js": 1760599449375,
  "lib/util.js.map": 1760599545146,
  "controller/service-dbg.js": 1760599449367,
  "controller/service.js.map": 1760599545150,
  "controller/CustomExpandedHeader-dbg.controller.js": 1760599449367,
  "controller/CustomExpandedHeader.controller.js.map": 1760599545245,
  "Component-dbg.js": 1760599449367,
  "Component.js.map": 1760599545206,
  "Component-preload.js": 1760599545391,
  "Component-preload.js.map": 1760599545391,
  "ext/fragment/Metadata.fragment.xml": 1760599449367,
  "ext/fragment/FileDownload.fragment.xml": 1760599449367,
  "ext/fragment/Delete.fragment.xml": 1760599449367,
  "fonts/SCProsperSans-Regular.woff2": 1760599449375,
  "fonts/SCProsperSans-Regular.woff": 1760599449375,
  "fonts/SCProsperSans-Regular.ttf": 1760599449375,
  "fonts/SCProsperSans-Regular.svg": 1760599449375,
  "fonts/SCProsperSans-Regular.eot": 1760599449375,
  "fonts/SCProsperSans-Medium.woff2": 1760599449375,
  "fonts/SCProsperSans-Medium.woff": 1760599449375,
  "fonts/SCProsperSans-Medium.ttf": 1760599449375,
  "fonts/SCProsperSans-Medium.svg": 1760599449375,
  "fonts/SCProsperSans-Medium.eot": 1760599449375,
  "fonts/SCProsperSans-Light.woff2": 1760599449371,
  "fonts/SCProsperSans-Light.woff": 1760599449371,
  "fonts/SCProsperSans-Light.ttf": 1760599449371,
  "fonts/SCProsperSans-Light.svg": 1760599449371,
  "fonts/SCProsperSans-Light.eot": 1760599449371,
  "fonts/SCProsperSans-Bold.woff2": 1760599449371,
  "i18n/i18n.properties": 1760599449375,
  "fonts/SCProsperSans-Bold.ttf": 1760599449371,
  "fonts/SCProsperSans-Bold.svg": 1760599449367,
  "fonts/SCProsperSans-Bold.eot": 1760599449367,
  "fragment/SummaryFiles.fragment.xml": 1760599449375,
  "fragment/MyDialog.fragment.xml": 1760599449375,
  "fragment/CustomExpandedHeader.fragment.xml": 1760599449375,
  "css/style.css": 1760599449367,
  "index.html": 1760599449375
}