{
  "fonts/SCProsperSans-Light.ttf": 1758203205438,
  "ext/fragment/Delete.js": 1758257935536,
  "ext/fragment/FileDownload.js": 1758203205434,
  "ext/fragment/Metadata.js": 1758203205434,
  "lib/util.js": 1758203205446,
  "controller/service.js": 1758203205434,
  "controller/CustomExpandedHeader.controller.js": 1758203205434,
  "manifest.json": 1758263450849,
  "Component.js": 1758203205434,
  "lib/util-dbg.js": 1758203205446,
  "lib/util.js.map": 1758728854680,
  "ext/fragment/FileDownload-dbg.js": 1758203205434,
  "ext/fragment/FileDownload.js.map": 1758728854682,
  "ext/fragment/Metadata-dbg.js": 1758203205434,
  "ext/fragment/Metadata.js.map": 1758728854685,
  "ext/fragment/Delete-dbg.js": 1758257935536,
  "ext/fragment/Delete.js.map": 1758728854690,
  "controller/service-dbg.js": 1758203205434,
  "controller/service.js.map": 1758728854683,
  "controller/CustomExpandedHeader-dbg.controller.js": 1758203205434,
  "controller/CustomExpandedHeader.controller.js.map": 1758728854709,
  "Component-dbg.js": 1758203205434,
  "Component.js.map": 1758728854684,
  "Component-preload.js": 1758728854907,
  "Component-preload.js.map": 1758728854907,
  "ext/fragment/Metadata.fragment.xml": 1758203205434,
  "ext/fragment/FileDownload.fragment.xml": 1758203205434,
  "ext/fragment/Delete.fragment.xml": 1758203205434,
  "fonts/SCProsperSans-Regular.woff2": 1758203205446,
  "fonts/SCProsperSans-Regular.woff": 1758203205446,
  "fonts/SCProsperSans-Regular.ttf": 1758203205442,
  "fonts/SCProsperSans-Regular.svg": 1758203205442,
  "fonts/SCProsperSans-Regular.eot": 1758203205442,
  "fonts/SCProsperSans-Medium.woff2": 1758203205442,
  "fonts/SCProsperSans-Medium.woff": 1758203205442,
  "fonts/SCProsperSans-Medium.ttf": 1758203205442,
  "fonts/SCProsperSans-Medium.svg": 1758203205442,
  "fonts/SCProsperSans-Medium.eot": 1758203205442,
  "fonts/SCProsperSans-Light.woff2": 1758203205438,
  "fonts/SCProsperSans-Light.woff": 1758203205438,
  "i18n/i18n.properties": 1758203205446,
  "fonts/SCProsperSans-Light.svg": 1758203205438,
  "fonts/SCProsperSans-Light.eot": 1758203205438,
  "fonts/SCProsperSans-Bold.woff2": 1758203205438,
  "fonts/SCProsperSans-Bold.woff": 1758203205438,
  "fonts/SCProsperSans-Bold.ttf": 1758203205438,
  "fonts/SCProsperSans-Bold.svg": 1758203205438,
  "fonts/SCProsperSans-Bold.eot": 1758203205434,
  "fragment/SummaryFiles.fragment.xml": 1758203205446,
  "fragment/MyDialog.fragment.xml": 1758203205446,
  "fragment/CustomExpandedHeader.fragment.xml": 1758203205446,
  "css/style.css": 1758203205434,
  "index.html": 1758203205446
}