{
  "controller/CustomExpandedHeader.controller.js.map": 1758772407682,
  "Component.js": 1758772288149,
  "ext/fragment/FileDownload.js": 1758772288149,
  "ext/fragment/Delete.js": 1758772288149,
  "lib/util.js": 1758772288157,
  "controller/service.js": 1758772288149,
  "controller/CustomExpandedHeader.controller.js": 1758772288149,
  "manifest.json": 1758772288157,
  "ext/fragment/Metadata.js": 1758772288149,
  "ext/fragment/Metadata-dbg.js": 1758772288149,
  "ext/fragment/Metadata.js.map": 1758772407661,
  "ext/fragment/FileDownload-dbg.js": 1758772288149,
  "ext/fragment/FileDownload.js.map": 1758772407667,
  "ext/fragment/Delete-dbg.js": 1758772288149,
  "ext/fragment/Delete.js.map": 1758772407650,
  "lib/util-dbg.js": 1758772288157,
  "lib/util.js.map": 1758772407639,
  "controller/service-dbg.js": 1758772288149,
  "controller/service.js.map": 1758772407644,
  "controller/CustomExpandedHeader-dbg.controller.js": 1758772288149,
  "i18n/i18n.properties": 1758772288157,
  "Component-dbg.js": 1758772288149,
  "Component.js.map": 1758772407653,
  "Component-preload.js": 1758772407841,
  "Component-preload.js.map": 1758772407841,
  "ext/fragment/Metadata.fragment.xml": 1758772288149,
  "ext/fragment/FileDownload.fragment.xml": 1758772288149,
  "ext/fragment/Delete.fragment.xml": 1758772288149,
  "fragment/SummaryFiles.fragment.xml": 1758772288157,
  "fragment/MyDialog.fragment.xml": 1758772288157,
  "fragment/CustomExpandedHeader.fragment.xml": 1758772288157,
  "fonts/SCProsperSans-Regular.woff2": 1758772288157,
  "fonts/SCProsperSans-Regular.woff": 1758772288157,
  "fonts/SCProsperSans-Regular.ttf": 1758772288157,
  "fonts/SCProsperSans-Regular.svg": 1758772288157,
  "fonts/SCProsperSans-Regular.eot": 1758772288153,
  "fonts/SCProsperSans-Medium.woff2": 1758772288153,
  "fonts/SCProsperSans-Medium.woff": 1758772288153,
  "fonts/SCProsperSans-Medium.ttf": 1758772288153,
  "fonts/SCProsperSans-Medium.svg": 1758772288153,
  "fonts/SCProsperSans-Medium.eot": 1758772288153,
  "fonts/SCProsperSans-Light.woff2": 1758772288153,
  "fonts/SCProsperSans-Light.woff": 1758772288153,
  "fonts/SCProsperSans-Light.ttf": 1758772288153,
  "fonts/SCProsperSans-Light.svg": 1758772288153,
  "fonts/SCProsperSans-Light.eot": 1758772288149,
  "fonts/SCProsperSans-Bold.woff2": 1758772288149,
  "fonts/SCProsperSans-Bold.woff": 1758772288149,
  "fonts/SCProsperSans-Bold.ttf": 1758772288149,
  "fonts/SCProsperSans-Bold.svg": 1758772288149,
  "fonts/SCProsperSans-Bold.eot": 1758772288149,
  "css/style.css": 1758772288149,
  "index.html": 1758772288157
}