{
  "lib/html2canvas/html2canvas.min.js.map": 1758772398494,
  "Component.js": 1758772288173,
  "lib/html2canvas/html2canvas.min.js": 1758772288181,
  "lib/dompurify/purify.min.js": 1758772288177,
  "model/models.js": 1758772288181,
  "model/chatModel.js": 1758772288181,
  "controller/TreasuryMainView.controller.js": 1758772288173,
  "controller/ContentIngestion.controller.js": 1758772288173,
  "controller/App.controller.js": 1758772288173,
  "manifest.json": 1758772288181,
  "lib/jspdf/jspdf.umd.min.js": 1758772288181,
  "Component-dbg.js": 1758772288173,
  "Component.js.map": 1758772397574,
  "lib/html2canvas/html2canvas.min-dbg.js": 1758772288181,
  "i18n/i18n.properties": 1758772288177,
  "lib/dompurify/purify.min-dbg.js": 1758772288177,
  "lib/dompurify/purify.min.js.map": 1758772397832,
  "model/models-dbg.js": 1758772288181,
  "model/models.js.map": 1758772397565,
  "model/chatModel-dbg.js": 1758772288181,
  "model/chatModel.js.map": 1758772397560,
  "controller/TreasuryMainView-dbg.controller.js": 1758772288173,
  "controller/TreasuryMainView.controller.js.map": 1758772397651,
  "controller/ContentIngestion-dbg.controller.js": 1758772288173,
  "controller/ContentIngestion.controller.js.map": 1758772397591,
  "controller/App-dbg.controller.js": 1758772288173,
  "controller/App.controller.js.map": 1758772397584,
  "lib/jspdf/jspdf.umd.min-dbg.js": 1758772288181,
  "lib/jspdf/jspdf.umd.min.js.map": 1758772399094,
  "Component-preload.js": 1758772399519,
  "Component-preload.js.map": 1758772399521,
  "view/TreasuryMainView.view.xml": 1758772288181,
  "view/ContentIngestionView.view.xml": 1758772288181,
  "view/App.view.xml": 1758772288181,
  "images/Scb_logo.png": 1758772288177,
  "images/FinSight.png": 1758772288177,
  "fragment/resultBox.fragment.xml": 1758772288177,
  "fragment/chatBoxbackup.fragment.xml": 1758772288177,
  "fragment/chatBox.fragment.xml": 1758772288177,
  "fragment/RejectionDialog.fragment.xml": 1758772288177,
  "fragment/FrameSideContent.fragment.xml": 1758772288177,
  "fragment/FrameHeader.fragment.xml": 1758772288177,
  "fonts/SCProsperSans-Regular.woff2": 1758772288177,
  "fonts/SCProsperSans-Regular.woff": 1758772288177,
  "fonts/SCProsperSans-Regular.ttf": 1758772288177,
  "fonts/SCProsperSans-Regular.svg": 1758772288177,
  "fonts/SCProsperSans-Regular.eot": 1758772288177,
  "fonts/SCProsperSans-Medium.woff2": 1758772288177,
  "fonts/SCProsperSans-Medium.woff": 1758772288177,
  "fonts/SCProsperSans-Medium.ttf": 1758772288177,
  "fonts/SCProsperSans-Medium.svg": 1758772288177,
  "fonts/SCProsperSans-Medium.eot": 1758772288177,
  "fonts/SCProsperSans-Light.woff2": 1758772288177,
  "fonts/SCProsperSans-Light.woff": 1758772288173,
  "fonts/SCProsperSans-Light.ttf": 1758772288173,
  "fonts/SCProsperSans-Light.svg": 1758772288173,
  "fonts/SCProsperSans-Light.eot": 1758772288173,
  "fonts/SCProsperSans-Bold.woff2": 1758772288173,
  "fonts/SCProsperSans-Bold.woff": 1758772288173,
  "fonts/SCProsperSans-Bold.ttf": 1758772288173,
  "fonts/SCProsperSans-Bold.svg": 1758772288173,
  "fonts/SCProsperSans-Bold.eot": 1758772288173,
  "css/style.css": 1758772288173,
  "index.html": 1758772288177
}