{
  "controller/App.controller.js.map": 1758607116181,
  "model/models.js": 1758203205470,
  "lib/html2canvas/html2canvas.min.js": 1758203205466,
  "lib/dompurify/purify.min.js": 1758203205466,
  "lib/jspdf/jspdf.umd.min.js": 1758203205470,
  "model/chatModel.js": 1758203205470,
  "controller/TreasuryMainView.controller.js": 1758203205458,
  "controller/ContentIngestion.controller.js": 1758203205458,
  "controller/App.controller.js": 1758203205458,
  "manifest.json": 1758203205470,
  "Component.js": 1758534636536,
  "lib/dompurify/purify.min-dbg.js": 1758203205466,
  "lib/dompurify/purify.min.js.map": 1758607116461,
  "lib/html2canvas/html2canvas.min-dbg.js": 1758203205466,
  "lib/html2canvas/html2canvas.min.js.map": 1758607116981,
  "model/models-dbg.js": 1758203205470,
  "model/models.js.map": 1758607116167,
  "lib/jspdf/jspdf.umd.min-dbg.js": 1758203205470,
  "lib/jspdf/jspdf.umd.min.js.map": 1758607117457,
  "model/chatModel-dbg.js": 1758203205470,
  "model/chatModel.js.map": 1758607116175,
  "controller/TreasuryMainView-dbg.controller.js": 1758203205458,
  "controller/TreasuryMainView.controller.js.map": 1758607116261,
  "controller/ContentIngestion-dbg.controller.js": 1758203205458,
  "controller/ContentIngestion.controller.js.map": 1758607116182,
  "controller/App-dbg.controller.js": 1758203205458,
  "i18n/i18n.properties": 1758203205466,
  "Component-dbg.js": 1758534636536,
  "Component.js.map": 1758607116186,
  "Component-preload.js": 1758607118031,
  "Component-preload.js.map": 1758607118034,
  "view/TreasuryMainView.view.xml": 1758203205470,
  "view/ContentIngestionView.view.xml": 1758203205470,
  "view/App.view.xml": 1758203205470,
  "fragment/resultBox.fragment.xml": 1758203205466,
  "fragment/chatBoxbackup.fragment.xml": 1758203205466,
  "fragment/chatBox.fragment.xml": 1758203205466,
  "fragment/RejectionDialog.fragment.xml": 1758203205466,
  "fragment/FrameSideContent.fragment.xml": 1758203205466,
  "fragment/FrameHeader.fragment.xml": 1758534425264,
  "images/Scb_logo.png": 1758598726377,
  "images/FinSight.png": 1758598726377,
  "fonts/SCProsperSans-Regular.woff2": 1758203205466,
  "fonts/SCProsperSans-Regular.woff": 1758203205466,
  "fonts/SCProsperSans-Regular.ttf": 1758203205466,
  "fonts/SCProsperSans-Regular.svg": 1758203205466,
  "fonts/SCProsperSans-Regular.eot": 1758203205462,
  "fonts/SCProsperSans-Medium.woff2": 1758203205462,
  "fonts/SCProsperSans-Medium.woff": 1758203205462,
  "fonts/SCProsperSans-Medium.ttf": 1758203205462,
  "fonts/SCProsperSans-Medium.svg": 1758203205462,
  "fonts/SCProsperSans-Medium.eot": 1758203205462,
  "fonts/SCProsperSans-Light.woff2": 1758203205462,
  "fonts/SCProsperSans-Light.woff": 1758203205462,
  "fonts/SCProsperSans-Light.ttf": 1758203205462,
  "fonts/SCProsperSans-Light.svg": 1758203205462,
  "fonts/SCProsperSans-Light.eot": 1758203205458,
  "fonts/SCProsperSans-Bold.woff2": 1758203205458,
  "fonts/SCProsperSans-Bold.woff": 1758203205458,
  "fonts/SCProsperSans-Bold.ttf": 1758203205458,
  "fonts/SCProsperSans-Bold.svg": 1758203205458,
  "fonts/SCProsperSans-Bold.eot": 1758203205458,
  "css/style.css": 1758203205458,
  "index.html": 1758203205466
}