{
  "fonts/SCProsperSans-Regular.svg": 1760599449399,
  "controller/App.controller.js": 1760599449391,
  "lib/html2canvas/html2canvas.min.js": 1760599449399,
  "lib/dompurify/purify.min.js": 1760599449399,
  "model/models.js": 1760599449403,
  "model/chatModel.js": 1760599449403,
  "controller/TreasuryMainView.controller.js": 1760599449391,
  "controller/ContentIngestion.controller.js": 1760599449391,
  "lib/jspdf/jspdf.umd.min.js": 1760599449403,
  "manifest.json": 1760599449403,
  "Component.js": 1760599449391,
  "lib/dompurify/purify.min-dbg.js": 1760599449399,
  "lib/dompurify/purify.min.js.map": 1760599535813,
  "lib/html2canvas/html2canvas.min-dbg.js": 1760599449399,
  "lib/html2canvas/html2canvas.min.js.map": 1760599536350,
  "controller/App-dbg.controller.js": 1760599449391,
  "controller/App.controller.js.map": 1760599535512,
  "model/models-dbg.js": 1760599449403,
  "model/models.js.map": 1760599535503,
  "model/chatModel-dbg.js": 1760599449403,
  "model/chatModel.js.map": 1760599535448,
  "controller/TreasuryMainView-dbg.controller.js": 1760599449391,
  "controller/TreasuryMainView.controller.js.map": 1760599535606,
  "controller/ContentIngestion-dbg.controller.js": 1760599449391,
  "controller/ContentIngestion.controller.js.map": 1760599535521,
  "lib/jspdf/jspdf.umd.min-dbg.js": 1760599449403,
  "lib/jspdf/jspdf.umd.min.js.map": 1760599537845,
  "Component-dbg.js": 1760599449391,
  "Component.js.map": 1760599535517,
  "Component-preload.js": 1760599538443,
  "Component-preload.js.map": 1760599538445,
  "view/TreasuryMainView.view.xml": 1760599449403,
  "view/ContentIngestionView.view.xml": 1760599449403,
  "view/App.view.xml": 1760599449403,
  "fonts/SCProsperSans-Regular.woff2": 1760599449399,
  "fonts/SCProsperSans-Regular.woff": 1760599449399,
  "fonts/SCProsperSans-Regular.ttf": 1760599449399,
  "i18n/i18n.properties": 1760599449399,
  "fonts/SCProsperSans-Regular.eot": 1760599449399,
  "fonts/SCProsperSans-Medium.woff2": 1760599449399,
  "fonts/SCProsperSans-Medium.woff": 1760599449399,
  "fonts/SCProsperSans-Medium.ttf": 1760599449399,
  "fonts/SCProsperSans-Medium.svg": 1760599449399,
  "fonts/SCProsperSans-Medium.eot": 1760599449395,
  "fonts/SCProsperSans-Light.woff2": 1760599449395,
  "fonts/SCProsperSans-Light.woff": 1760599449395,
  "fonts/SCProsperSans-Light.ttf": 1760599449395,
  "fonts/SCProsperSans-Light.svg": 1760599449395,
  "fonts/SCProsperSans-Light.eot": 1760599449395,
  "fonts/SCProsperSans-Bold.woff2": 1760599449395,
  "fonts/SCProsperSans-Bold.woff": 1760599449395,
  "fonts/SCProsperSans-Bold.ttf": 1760599449395,
  "fonts/SCProsperSans-Bold.svg": 1760599449395,
  "fonts/SCProsperSans-Bold.eot": 1760599449391,
  "fragment/resultBox.fragment.xml": 1760599449399,
  "fragment/chatBoxbackup.fragment.xml": 1760599449399,
  "fragment/chatBox.fragment.xml": 1760599449399,
  "fragment/RejectionDialog.fragment.xml": 1760599449399,
  "fragment/FrameSideContent.fragment.xml": 1760599449399,
  "fragment/FrameHeader.fragment.xml": 1760599449399,
  "images/Scb_logo.png": 1760599449399,
  "images/FinSight.png": 1760599449399,
  "css/style.css": 1760599449391,
  "index.html": 1760599449399
}