<core:FragmentDefinition xmlns="sap.m"

    xmlns:html="http://www.w3.org/1999/xhtml"
    xmlns:f="sap.f"
    xmlns:core="sap.ui.core"
    xmlns:app="http://schemas.sap.com/sapui5/extension/sap.ui.core.CustomData/1">

<FlexBox id="ChatBotResult" class="result" visible="true" direction="Column" >

                            <FlexBox class="summaryBox" >
                                        <Title  text="SUMMARY" class="summaryTitle"></Title>
                                         <HBox class="messageEmotions" id="messageEmotions">
                                            <Button id="buttonCopy" icon="sap-icon://copy" type="Transparent" press="onChatCopy" tooltip="{i18n>copyTooltip}" visible="false"/>
                                            <Button id="buttonExport" icon="sap-icon://download" type="Transparent" press="onChatExport" tooltip="{i18n>export}" app:message="chatModel>/result" visible="false"/>
                                            </HBox>
                            </FlexBox>
                            <FlexBox class="responseTextBox response-content" fitContainer="true" height="100%" wrap="NoWrap" >
                            <FormattedText id="htmlContent" htmlText="{chatModel>/result}" class="response-content customFormatted" visible="false" />
                          <!-- <core:HTML id="htmlContent" class="response-content" visible="false"></core:HTML> -->
                          <VBox id="pdfContainer" renderType="Bare" class="stretchBox" visible="false"/>
                          <!-- <FormattedText id="pdfContainer" htmlText="{chatModel>/result}" class="response-content" /> -->

                             </FlexBox>


 </FlexBox>


</core:FragmentDefinition>


