{
  "fragment/resultBox.fragment.xml": 1760609696109,
  "Component.js": 1760601988234,
  "lib/html2canvas/html2canvas.min.js": 1760601988242,
  "lib/dompurify/purify.min.js": 1760601988242,
  "model/models.js": 1760601988246,
  "model/chatModel.js": 1760601988246,
  "controller/TreasuryMainView.controller.js": 1760608181209,
  "controller/ContentIngestion.controller.js": 1760601988234,
  "controller/App.controller.js": 1760601988234,
  "manifest.json": 1760601988246,
  "lib/jspdf/jspdf.umd.min.js": 1760601988246,
  "lib/html2canvas/html2canvas.min-dbg.js": 1760601988242,
  "lib/html2canvas/html2canvas.min.js.map": 1760610375646,
  "Component-dbg.js": 1760601988234,
  "Component.js.map": 1760610374671,
  "lib/dompurify/purify.min-dbg.js": 1760601988242,
  "lib/dompurify/purify.min.js.map": 1760610375029,
  "model/models-dbg.js": 1760601988246,
  "model/models.js.map": 1760610374665,
  "model/chatModel-dbg.js": 1760601988246,
  "model/chatModel.js.map": 1760610374724,
  "controller/TreasuryMainView-dbg.controller.js": 1760608181209,
  "controller/TreasuryMainView.controller.js.map": 1760610374825,
  "controller/ContentIngestion-dbg.controller.js": 1760601988234,
  "controller/ContentIngestion.controller.js.map": 1760610374729,
  "controller/App-dbg.controller.js": 1760601988234,
  "controller/App.controller.js.map": 1760610374731,
  "lib/jspdf/jspdf.umd.min-dbg.js": 1760601988246,
  "lib/jspdf/jspdf.umd.min.js.map": 1760610376193,
  "Component-preload.js": 1760610376647,
  "Component-preload.js.map": 1760610376648,
  "view/TreasuryMainView.view.xml": 1760601988246,
  "view/ContentIngestionView.view.xml": 1760601988246,
  "view/App.view.xml": 1760601988246,
  "images/Scb_logo.png": 1760601988242,
  "images/FinSight.png": 1760601988242,
  "i18n/i18n.properties": 1760601988242,
  "fragment/chatBoxbackup.fragment.xml": 1760601988242,
  "fragment/chatBox.fragment.xml": 1760601988242,
  "fragment/RejectionDialog.fragment.xml": 1760601988242,
  "fragment/FrameSideContent.fragment.xml": 1760601988242,
  "fragment/FrameHeader.fragment.xml": 1760601988242,
  "fonts/SCProsperSans-Regular.woff2": 1760601988242,
  "fonts/SCProsperSans-Regular.woff": 1760601988242,
  "fonts/SCProsperSans-Regular.ttf": 1760601988242,
  "fonts/SCProsperSans-Regular.svg": 1760601988242,
  "fonts/SCProsperSans-Regular.eot": 1760601988242,
  "fonts/SCProsperSans-Medium.woff2": 1760601988242,
  "fonts/SCProsperSans-Medium.woff": 1760601988238,
  "fonts/SCProsperSans-Medium.ttf": 1760601988238,
  "fonts/SCProsperSans-Medium.svg": 1760601988238,
  "fonts/SCProsperSans-Medium.eot": 1760601988238,
  "fonts/SCProsperSans-Light.woff2": 1760601988238,
  "fonts/SCProsperSans-Light.woff": 1760601988238,
  "fonts/SCProsperSans-Light.ttf": 1760601988238,
  "fonts/SCProsperSans-Light.svg": 1760601988238,
  "fonts/SCProsperSans-Light.eot": 1760601988238,
  "fonts/SCProsperSans-Bold.woff2": 1760601988238,
  "fonts/SCProsperSans-Bold.woff": 1760601988238,
  "fonts/SCProsperSans-Bold.ttf": 1760601988238,
  "fonts/SCProsperSans-Bold.svg": 1760601988234,
  "fonts/SCProsperSans-Bold.eot": 1760601988234,
  "css/style.css": 1760610322332,
  "index.html": 1760601988242
}